LOC_BLANK,BRANCH_COUNT,CALL_PAIRS,LOC_CODE_AND_COMMENT,LOC_COMMENTS,CYCLOMATIC_DENSITY,DECISION_DENSITY,DESIGN_DENSITY,ESSENTIAL_COMPLEXITY,ESSENTIAL_DENSITY,PARAMETER_COUNT,HALSTEAD_CONTENT,HALSTEAD_DIFFICULTY,HALSTEAD_EFFORT,HALSTEAD_LEVEL,MAINTENANCE_SEVERITY,NORMALIZED_CYLOMATIC_COMPLEXITY,NUM_UNIQUE_OPERATORS,PERCENT_COMMENTS,Defective
6,9,2,1,0,0.2,2.0,0.6,1,0.0,3,32.54,9.5,2936.77,0.11,0.2,0.16,15,4.0,0
15,7,3,1,19,0.13,2.0,0.5,1,0.0,1,38.55,21.52,17846.19,0.05,0.25,0.06,27,39.22,1
27,9,1,4,22,0.15,2.0,0.6,1,0.0,0,52.03,12.33,7914.68,0.08,0.2,0.06,22,47.27,1
7,3,2,0,0,0.17,2.0,1.0,1,0.0,2,14.62,6.43,604.36,0.16,0.5,0.1,10,0.0,0
51,25,13,0,14,0.12,2.0,0.85,1,0.0,2,101.31,27.04,74089.87,0.04,0.08,0.08,20,11.67,0
3,5,2,0,0,0.2,2.0,1.0,1,0.0,1,8.17,18.0,2648.68,0.06,0.33,0.16,12,0.0,0
13,9,5,12,16,0.14,2.0,1.0,5,1.0,4,38.51,14.25,7820.87,0.07,1.0,0.07,15,52.83,0
22,29,0,8,35,0.28,2.75,0.07,3,0.14,0,61.1,22.3,30377.95,0.04,0.2,0.13,15,48.31,0
16,9,2,11,28,0.11,3.0,0.2,5,1.0,2,41.24,20.76,17773.08,0.05,1.0,0.06,19,53.42,0
4,3,0,2,4,0.17,2.0,0.5,1,0.0,1,15.9,9.0,1287.55,0.11,0.5,0.1,9,37.5,0
23,13,0,10,17,0.21,2.0,0.14,5,0.67,3,27.4,28.12,21659.58,0.04,0.71,0.09,17,54.0,0
23,13,0,10,17,0.21,2.0,0.14,5,0.67,3,17.45,27.22,12929.85,0.04,0.71,0.09,14,54.0,0
40,9,4,2,15,0.15,2.0,0.4,1,0.0,0,47.41,27.5,35852.6,0.04,0.2,0.06,22,35.42,0
23,9,6,3,20,0.19,2.0,0.4,1,0.0,0,43.1,15.2,9958.0,0.07,0.2,0.07,19,48.94,0
8,3,1,6,5,0.11,2.0,0.5,1,0.0,1,29.61,9.15,2480.95,0.11,0.5,0.06,14,45.83,0
19,3,1,2,0,0.06,2.0,1.0,1,0.0,0,64.01,11.65,8684.99,0.09,0.5,0.04,12,5.71,0
6,7,0,6,0,0.15,2.5,0.25,4,1.0,1,21.34,24.44,12748.97,0.04,1.0,0.12,22,22.22,0
134,60,9,63,31,0.17,2.38,0.56,6,0.13,5,101.81,54.82,305928.62,0.02,0.15,0.1,45,34.69,0
9,8,2,4,5,0.28,2.0,0.6,1,0.0,0,12.36,15.0,2781.99,0.07,0.2,0.15,15,39.13,0
164,110,26,37,191,0.18,2.37,0.66,27,0.38,1,157.03,97.73,1499684.32,0.01,0.39,0.09,69,38.71,0
27,24,11,3,48,0.16,2.43,0.77,7,0.5,1,60.5,32.21,62767.66,0.03,0.54,0.08,36,40.16,0
5,5,1,0,0,0.15,2.0,1.0,1,0.0,1,34.17,10.29,3620.93,0.1,0.33,0.12,14,0.0,0
7,9,3,4,5,0.16,2.33,0.6,3,0.5,0,24.71,21.86,11802.86,0.05,0.6,0.11,18,25.0,0
16,5,7,2,24,0.18,2.0,1.0,1,0.0,1,36.19,7.18,1867.89,0.14,0.33,0.05,13,63.41,0
15,7,3,3,8,0.25,2.0,1.0,1,0.0,0,26.75,11.03,3253.68,0.09,0.25,0.1,15,45.83,0
19,5,4,2,16,0.11,2.0,1.0,1,0.0,1,48.49,14.11,9649.29,0.07,0.33,0.04,19,41.86,0
19,7,5,5,10,0.15,2.0,1.0,4,1.0,1,28.43,13.42,5120.93,0.07,1.0,0.07,15,40.54,0
15,11,4,5,19,0.18,2.0,0.67,1,0.0,2,30.61,23.1,16332.07,0.04,0.17,0.08,21,46.15,0
13,3,1,3,18,0.1,2.0,1.0,1,0.0,2,25.62,24.42,15282.02,0.04,0.5,0.04,16,53.85,0
14,9,3,2,20,0.19,2.0,0.6,1,0.0,1,27.08,39.72,42716.37,0.03,0.2,0.07,21,47.83,0
12,9,4,2,12,0.13,2.0,1.0,1,0.0,1,54.44,19.25,20172.82,0.05,0.2,0.07,22,26.92,0
23,9,5,10,9,0.12,2.0,1.0,5,1.0,1,54.55,14.84,12009.6,0.07,1.0,0.07,18,38.0,0
155,71,5,14,170,0.18,2.1,0.7,21,0.56,1,127.7,71.54,653537.1,0.01,0.57,0.07,52,48.42,1
42,11,10,5,44,0.16,2.0,1.0,1,0.0,0,53.31,12.89,8852.8,0.08,0.17,0.05,17,60.49,0
30,19,5,6,45,0.13,2.0,0.9,8,0.78,1,46.15,27.11,33930.43,0.04,0.8,0.07,26,41.8,1
9,3,2,0,7,0.13,2.0,1.0,1,0.0,0,27.05,14.25,5493.37,0.07,0.5,0.06,19,31.82,1
26,17,4,5,32,0.13,2.33,0.67,4,0.38,2,97.49,20.91,42621.97,0.05,0.44,0.07,24,37.37,0
40,11,12,3,47,0.14,2.0,0.83,1,0.0,0,61.64,16.96,17733.62,0.06,0.17,0.05,21,54.95,0
7,7,2,0,8,0.16,2.0,0.25,1,0.0,0,31.67,15.0,7125.0,0.07,0.25,0.1,16,24.24,0
93,25,10,11,57,0.08,2.0,0.92,1,0.0,1,175.18,28.52,142535.33,0.04,0.08,0.04,24,32.22,1
9,5,3,2,2,0.16,2.0,1.0,1,0.0,0,36.74,14.57,7799.92,0.07,0.33,0.1,17,19.05,0
12,7,2,2,2,0.2,2.0,1.0,1,0.0,1,54.3,7.89,3382.91,0.13,0.25,0.11,13,18.18,0
31,11,5,7,30,0.15,2.0,0.83,1,0.0,0,53.63,18.46,18269.63,0.05,0.17,0.06,19,52.86,1
62,7,3,7,46,0.04,2.0,1.0,1,0.0,0,234.02,26.64,166113.93,0.04,0.25,0.02,24,36.55,1
36,13,5,6,14,0.14,2.0,1.0,1,0.0,0,78.96,22.12,38620.28,0.05,0.14,0.07,25,31.25,1
39,13,7,4,28,0.13,2.0,1.0,1,0.0,1,124.44,13.9,24028.83,0.07,0.14,0.06,20,40.0,0
77,19,6,4,31,0.08,2.0,1.0,1,0.0,1,208.02,26.3,143936.36,0.04,0.1,0.04,26,21.6,0
55,7,9,0,23,0.19,2.0,1.0,1,0.0,0,51.3,7.64,2991.43,0.13,0.25,0.04,12,52.27,0
17,23,2,0,34,0.18,2.1,0.67,3,0.18,0,108.84,15.19,25107.55,0.07,0.25,0.1,17,34.34,0
12,3,2,1,8,0.06,2.0,1.0,1,0.0,0,68.36,18.78,24116.87,0.05,0.5,0.04,18,21.95,0
13,9,7,1,20,0.21,2.0,1.0,1,0.0,0,30.19,7.85,1858.26,0.13,0.2,0.09,12,47.73,0
3,3,0,1,6,0.22,2.0,0.5,1,0.0,1,10.63,3.75,149.49,0.27,0.5,0.11,6,46.67,0
22,19,8,1,1,0.17,2.0,0.82,10,0.9,2,40.21,43.24,75169.98,0.02,0.91,0.13,28,3.08,0
12,7,4,1,0,0.17,2.0,1.0,4,1.0,2,30.25,10.71,3467.15,0.09,1.0,0.11,13,4.35,0
15,13,4,1,1,0.19,2.0,0.86,1,0.0,2,34.37,26.52,24176.72,0.04,0.14,0.13,19,5.26,0
5,3,1,1,2,0.08,2.0,1.0,1,0.0,2,56.67,6.13,2126.03,0.16,0.5,0.06,7,11.54,0
12,9,3,1,1,0.24,2.0,0.8,5,1.0,2,23.83,11.5,3151.22,0.09,1.0,0.14,14,9.09,0
9,7,3,4,0,0.19,2.0,1.0,4,1.0,2,26.81,10.4,2899.8,0.1,1.0,0.13,13,19.05,0
27,27,7,3,1,0.2,2.0,0.8,8,0.5,2,36.37,50.39,92350.98,0.02,0.53,0.14,33,5.19,0
7,3,1,4,1,0.2,2.0,1.0,1,0.0,2,16.39,3.5,200.76,0.29,0.5,0.11,7,45.45,0
10,7,5,5,1,0.18,2.0,0.75,1,0.0,2,31.11,12.06,4520.83,0.08,0.25,0.12,14,26.09,0
22,23,7,3,1,0.19,2.0,0.69,9,0.67,2,39.47,43.33,74124.42,0.02,0.69,0.14,30,5.88,0
3,7,1,0,0,0.2,2.5,0.5,4,1.0,1,13.47,16.0,3447.89,0.06,1.0,0.17,16,0.0,0
3,11,1,0,0,0.25,2.67,0.33,6,1.0,1,19.97,17.33,5999.58,0.06,1.0,0.21,16,0.0,0
3,11,1,0,0,0.25,2.67,0.33,6,1.0,1,19.97,17.33,5999.58,0.06,1.0,0.21,16,0.0,0
0,5,0,0,0,0.33,3.0,0.33,3,1.0,1,14.65,4.8,337.48,0.21,1.0,0.3,8,0.0,0
0,9,0,0,0,0.56,5.0,0.2,5,1.0,1,19.29,6.43,797.14,0.16,1.0,0.5,9,0.0,0
0,5,0,0,0,0.33,3.0,0.33,3,1.0,1,9.14,10.0,913.77,0.1,1.0,0.3,10,0.0,0
0,3,0,0,0,0.14,2.0,0.5,1,0.0,2,36.78,7.07,1838.97,0.14,0.5,0.13,11,0.0,0
39,9,8,9,14,0.07,2.0,1.0,1,0.0,8,97.85,22.12,47876.6,0.05,0.2,0.03,26,27.71,0
9,5,2,10,6,0.12,2.0,1.0,1,0.0,0,39.8,9.0,3223.83,0.11,0.33,0.07,12,50.0,0
4,3,2,0,4,0.17,2.0,1.0,1,0.0,1,23.34,6.11,871.59,0.16,0.5,0.1,11,25.0,0
3,3,0,0,0,0.15,2.0,0.5,1,0.0,2,18.1,9.63,1676.34,0.1,0.5,0.12,11,0.0,0
55,34,25,3,91,0.22,2.0,0.87,1,0.0,3,54.04,77.46,324260.81,0.01,0.03,0.11,50,41.41,1
5,3,3,0,13,0.13,2.0,1.0,1,0.0,3,21.16,9.1,1752.37,0.11,0.5,0.06,14,44.83,0
22,7,2,3,5,0.13,2.5,0.75,3,0.67,3,28.78,18.12,9456.28,0.06,0.75,0.07,25,22.86,0
19,9,2,3,15,0.15,2.33,0.8,4,0.75,3,35.02,17.25,10420.79,0.06,0.8,0.07,23,36.73,0
12,9,3,2,28,0.13,2.0,0.6,1,0.0,2,30.93,16.0,7919.03,0.06,0.2,0.06,20,44.78,0
5,7,1,0,6,0.15,2.5,0.5,3,0.67,2,38.77,13.2,6756.06,0.08,0.75,0.11,16,18.75,0
6,11,1,0,8,0.18,2.0,0.5,1,0.0,2,59.16,12.6,9398.15,0.08,0.17,0.12,17,19.05,0
21,13,5,2,30,0.21,2.2,0.71,1,0.0,1,26.31,23.5,14529.3,0.04,0.14,0.08,15,50.79,0
7,3,0,0,0,0.13,2.0,0.5,1,0.0,2,37.54,7.6,2168.23,0.13,0.5,0.09,12,0.0,0
10,7,2,6,12,0.19,2.0,1.0,4,1.0,2,18.1,16.36,4845.73,0.06,1.0,0.09,15,54.55,0
53,57,13,45,13,0.17,2.0,0.93,7,0.21,0,91.32,55.88,285170.84,0.02,0.24,0.11,34,30.85,0
12,7,8,3,3,0.12,2.0,1.0,1,0.0,0,30.45,20.71,13065.14,0.05,0.25,0.08,15,16.67,0
10,11,8,4,0,0.16,2.0,1.0,1,0.0,0,64.31,12.0,9260.02,0.08,0.17,0.12,12,10.53,0
47,15,7,27,28,0.1,2.0,0.67,1,0.0,1,47.3,45.77,99082.56,0.02,0.11,0.06,35,48.25,0
7,7,1,11,30,0.15,2.0,0.25,1,0.0,6,18.87,19.62,7260.95,0.05,0.25,0.06,15,71.93,0
33,23,1,5,95,0.17,2.0,0.08,1,0.0,4,79.18,42.02,139798.54,0.02,0.08,0.06,19,60.61,0
46,39,6,20,96,0.18,2.19,0.2,9,0.42,1,72.67,51.47,192513.32,0.02,0.45,0.08,28,56.04,1
5,5,3,0,3,0.15,2.0,1.0,1,0.0,0,38.85,12.28,5856.79,0.08,0.33,0.1,17,13.04,0
9,19,0,6,6,0.16,2.0,0.1,5,0.44,3,30.99,33.52,34816.7,0.03,0.5,0.13,21,17.14,1
17,29,0,19,53,0.22,2.27,0.07,9,0.57,2,50.79,25.26,32401.84,0.04,0.6,0.11,21,59.02,0
1,5,0,0,0,0.25,2.0,0.33,1,0.0,2,21.83,10.42,2369.07,0.1,0.33,0.21,10,0.0,0
24,33,7,13,55,0.16,2.14,0.35,7,0.38,1,56.02,48.06,129374.54,0.02,0.41,0.09,35,42.24,0
24,37,6,0,18,0.28,2.6,0.68,19,1.0,0,73.61,37.75,104901.75,0.03,1.0,0.17,32,20.69,0
4,5,0,1,0,0.18,2.0,0.33,3,1.0,2,13.72,10.56,1531.0,0.09,1.0,0.14,13,5.88,0
5,5,0,0,0,0.15,2.0,0.33,1,0.0,2,10.03,14.67,2158.18,0.07,0.33,0.12,11,0.0,0
26,28,16,20,119,0.1,2.33,0.76,10,0.56,1,133.35,38.57,198396.43,0.03,0.59,0.05,36,47.44,0
6,31,3,1,19,0.22,2.25,0.44,9,0.53,6,86.16,18.26,28729.02,0.05,0.56,0.16,22,21.74,0
21,31,10,13,50,0.13,2.13,0.72,1,0.0,3,77.8,40.25,126046.47,0.02,0.06,0.07,46,33.51,0
6,9,2,0,17,0.17,2.0,0.4,1,0.0,2,27.4,20.78,11829.84,0.05,0.2,0.09,17,36.96,0
8,5,1,1,11,0.16,2.0,0.33,1,0.0,4,35.6,12.89,5919.2,0.08,0.33,0.05,14,40.0,0
17,21,7,0,8,0.2,2.25,0.73,5,0.4,4,48.89,26.83,35190.17,0.04,0.45,0.14,25,12.7,0
14,5,2,0,39,0.06,2.0,0.33,1,0.0,2,59.87,15.65,14671.27,0.06,0.33,0.02,21,45.35,0
10,11,2,2,14,0.18,2.0,0.33,4,0.6,1,21.82,22.85,11393.4,0.04,0.67,0.1,21,33.33,0
2,5,4,0,2,0.14,2.0,1.0,1,0.0,2,34.56,8.63,2570.73,0.12,0.33,0.12,12,8.7,0
4,3,0,0,1,0.14,2.0,0.5,1,0.0,3,12.74,7.86,786.33,0.13,0.5,0.1,11,6.67,0
6,5,6,0,6,0.14,2.0,1.0,1,0.0,2,40.4,11.25,5113.63,0.09,0.33,0.09,15,22.22,0
9,5,4,0,11,0.11,2.0,0.67,1,0.0,1,36.57,15.24,8490.44,0.07,0.33,0.06,20,28.21,1
2,3,3,0,9,0.11,2.0,1.0,1,0.0,1,32.0,11.63,4329.68,0.09,0.5,0.07,17,33.33,0
3,6,5,2,13,0.11,2.0,1.0,1,0.0,0,48.31,17.63,15014.65,0.06,0.25,0.07,17,29.41,0
22,58,13,12,33,0.19,2.17,0.63,7,0.19,3,151.5,22.73,78244.98,0.04,0.22,0.14,29,21.95,0
10,37,12,0,62,0.13,2.0,0.9,1,0.0,0,171.78,29.58,150305.78,0.03,0.05,0.09,32,29.38,1
42,141,24,45,339,0.16,2.25,0.56,30,0.4,7,293.68,43.41,553518.63,0.02,0.41,0.13,48,48.3,1
16,29,5,3,29,0.12,2.08,0.8,3,0.14,0,164.09,23.26,88801.93,0.04,0.2,0.09,24,20.92,1
0,3,0,0,0,0.15,2.0,0.5,1,0.0,0,21.15,3.5,259.02,0.29,0.5,0.14,7,0.0,0
2,49,8,33,58,0.16,2.14,0.36,12,0.46,0,104.25,54.33,307757.08,0.02,0.48,0.11,36,41.55,0
4,9,0,0,0,0.25,2.0,0.2,1,0.0,1,13.75,21.0,6065.91,0.05,0.2,0.2,16,0.0,0
0,11,3,2,20,0.21,3.5,0.33,1,0.0,0,38.41,13.45,6946.75,0.07,0.17,0.12,20,44.9,0
8,19,4,6,7,0.19,2.29,0.7,9,0.89,0,105.02,18.86,37359.42,0.05,0.9,0.14,21,21.67,0
10,5,9,2,18,0.17,2.0,0.67,1,0.0,1,45.77,7.71,2723.97,0.13,0.33,0.04,12,55.56,0
15,7,4,0,21,0.1,2.0,1.0,1,0.0,7,61.36,23.68,34405.27,0.04,0.25,0.05,17,33.87,0
4,3,0,3,0,0.12,2.0,0.5,1,0.0,2,16.29,9.29,1404.34,0.11,0.5,0.09,10,17.65,0
4,3,0,3,0,0.12,2.0,0.5,1,0.0,2,16.29,9.29,1404.34,0.11,0.5,0.09,10,17.65,0
12,5,4,0,39,0.11,2.0,0.33,1,0.0,1,61.85,12.04,8964.95,0.08,0.33,0.04,15,59.09,0
3,3,2,6,6,0.07,2.0,1.0,1,0.0,2,22.83,23.0,12075.0,0.04,0.5,0.04,16,36.36,0
0,5,1,0,5,0.19,3.0,0.67,3,1.0,4,24.32,7.64,1418.49,0.13,1.0,0.14,14,23.81,0
10,17,3,12,20,0.13,2.0,0.33,1,0.0,4,52.18,33.32,57931.89,0.03,0.11,0.07,23,36.78,0
6,9,3,10,22,0.16,2.0,0.4,1,0.0,7,27.26,22.11,13319.21,0.05,0.2,0.08,20,59.26,0
2,23,10,14,78,0.13,2.1,0.5,4,0.27,7,89.42,13.73,16858.82,0.07,0.33,0.07,17,53.8,1
6,47,2,1,58,0.18,2.0,0.96,1,0.0,1,171.89,27.21,127275.78,0.04,0.04,0.12,32,29.95,0
0,7,9,1,23,0.17,2.5,1.0,1,0.0,0,34.26,11.57,4586.97,0.09,0.25,0.08,18,51.06,0
0,19,5,4,15,0.2,2.0,0.46,1,0.0,1,66.12,13.9,12780.02,0.07,0.08,0.16,20,24.05,0
1,9,4,1,0,0.15,2.0,0.6,1,0.0,0,27.2,13.24,4764.71,0.08,0.2,0.14,15,3.03,0
1,5,5,0,11,0.11,2.0,1.0,1,0.0,2,47.22,11.69,6449.49,0.09,0.33,0.07,17,28.21,0
1,7,5,0,12,0.1,2.0,0.75,3,0.67,0,56.52,13.19,9840.36,0.08,0.75,0.06,19,22.64,1
1,3,4,0,3,0.11,2.0,1.0,1,0.0,2,33.23,9.41,2943.55,0.11,0.5,0.08,16,13.64,0
2,3,4,0,3,0.11,2.0,1.0,1,0.0,2,31.71,8.91,2515.03,0.11,0.5,0.08,15,13.64,0
2,7,7,3,35,0.1,2.5,0.25,3,0.67,3,60.5,14.75,13163.37,0.07,0.75,0.05,19,50.0,0
14,3,14,0,7,0.05,2.0,1.0,1,0.0,1,93.81,15.69,23101.5,0.06,0.5,0.03,17,14.58,0
5,3,9,0,6,0.07,2.0,1.0,1,0.0,0,58.05,14.68,12512.17,0.07,0.5,0.05,17,16.67,0
10,29,8,2,65,0.1,2.0,0.4,11,0.71,6,118.83,46.92,261640.64,0.02,0.73,0.07,31,31.02,0
0,3,4,0,6,0.11,2.0,1.0,1,0.0,2,31.58,9.5,2850.0,0.11,0.5,0.08,16,24.0,0
12,37,12,23,65,0.13,2.14,0.5,9,0.42,1,83.0,51.6,220979.91,0.02,0.45,0.09,38,40.37,1
6,15,6,6,7,0.14,2.0,0.78,1,0.0,7,45.05,29.27,38588.27,0.03,0.11,0.12,32,18.57,1
1,3,4,0,6,0.05,2.0,1.0,1,0.0,0,94.81,13.88,18268.21,0.07,0.5,0.04,18,12.5,0
1,3,2,6,13,0.1,2.0,0.5,1,0.0,1,28.66,11.47,3771.09,0.09,0.5,0.06,13,57.58,0
1,3,5,0,12,0.09,2.0,1.0,1,0.0,1,36.77,11.48,4842.06,0.09,0.5,0.06,17,35.29,0
0,5,0,0,9,0.11,2.0,0.33,1,0.0,2,54.96,8.31,3793.04,0.12,0.33,0.08,12,25.0,0
1,9,0,1,4,0.16,2.0,0.2,1,0.0,2,14.28,19.94,5674.43,0.05,0.2,0.13,11,13.89,0
5,19,5,7,39,0.07,2.13,0.8,8,0.78,18,124.12,29.01,104460.67,0.03,0.8,0.06,24,26.59,0
3,9,3,6,4,0.09,2.0,1.0,1,0.0,8,102.23,12.09,14944.77,0.08,0.2,0.08,14,16.95,1
13,7,4,1,5,0.09,2.0,1.0,1,0.0,0,99.18,16.49,26973.57,0.06,0.25,0.06,20,11.76,0
67,29,10,27,41,0.13,2.0,1.0,15,1.0,2,46.37,57.0,150670.96,0.02,1.0,0.07,19,42.5,0
9,7,0,7,11,0.16,2.0,0.25,4,1.0,4,24.0,15.38,5680.1,0.07,1.0,0.09,16,50.0,0
15,11,4,9,22,0.13,2.0,1.0,1,0.0,3,46.84,21.46,21576.47,0.05,0.17,0.07,19,46.27,0
6,5,1,4,0,0.12,2.0,1.0,1,0.0,0,24.31,14.06,4807.12,0.07,0.33,0.09,15,15.38,0
21,7,4,10,22,0.1,2.0,0.5,1,0.0,2,45.35,25.34,29117.23,0.04,0.25,0.05,25,51.61,0
9,7,1,6,10,0.18,2.0,0.5,1,0.0,0,22.84,25.89,15315.78,0.04,0.25,0.1,24,50.0,0
10,7,1,7,10,0.18,2.0,0.5,1,0.0,0,22.84,25.89,15315.78,0.04,0.25,0.09,24,53.13,0
46,19,8,35,31,0.13,2.0,0.8,1,0.0,0,83.37,31.3,81653.73,0.03,0.1,0.07,27,62.26,0
33,11,5,18,28,0.1,2.0,0.67,1,0.0,2,71.49,34.84,86774.3,0.03,0.17,0.05,32,51.11,0
10,9,1,5,0,0.14,2.0,1.0,1,0.0,0,44.36,16.56,12163.87,0.06,0.2,0.11,12,13.89,0
25,11,4,11,21,0.18,2.0,0.5,1,0.0,2,25.24,19.95,10047.02,0.05,0.17,0.08,21,59.26,0
9,7,4,2,13,0.18,2.0,1.0,1,0.0,0,46.13,14.44,9617.77,0.07,0.25,0.09,19,42.86,0
10,3,2,2,4,0.07,2.0,1.0,1,0.0,1,48.82,16.55,13373.72,0.06,0.5,0.05,15,19.35,0
6,3,1,5,4,0.13,2.0,0.5,1,0.0,4,21.05,9.8,2021.97,0.1,0.5,0.08,14,47.37,0
6,3,1,5,4,0.13,2.0,0.5,1,0.0,4,21.05,9.8,2021.97,0.1,0.5,0.08,14,47.37,0
7,5,1,4,8,0.17,2.0,0.67,1,0.0,1,30.91,8.62,2294.05,0.12,0.33,0.09,14,46.15,0
20,11,4,4,16,0.19,2.25,0.83,3,0.4,4,53.81,14.9,11951.03,0.07,0.5,0.09,22,42.55,0
14,7,3,3,12,0.17,2.0,1.0,1,0.0,0,47.35,11.12,5850.56,0.09,0.25,0.08,17,42.86,0
19,13,4,4,18,0.22,2.5,0.71,5,0.67,4,55.58,14.56,11789.43,0.07,0.71,0.09,21,44.0,0
36,23,8,21,29,0.18,2.22,0.67,5,0.36,4,68.78,26.32,47644.35,0.04,0.42,0.08,28,52.63,0
3,3,0,2,2,0.15,2.0,0.5,1,0.0,2,10.9,12.0,1569.59,0.08,0.5,0.11,12,26.67,0
3,3,0,2,2,0.15,2.0,0.5,1,0.0,2,17.29,12.0,2489.43,0.08,0.5,0.11,12,26.67,0
9,15,4,14,22,0.2,2.0,0.75,4,0.43,6,35.27,13.74,6655.21,0.07,0.5,0.11,18,57.14,0
5,3,1,4,12,0.14,2.0,1.0,1,0.0,3,15.6,6.67,693.33,0.15,0.5,0.06,10,61.54,0
1,3,0,3,3,0.17,2.0,0.5,1,0.0,3,13.38,8.25,910.48,0.12,0.5,0.12,11,40.0,0
1,3,0,3,3,0.17,2.0,0.5,1,0.0,3,20.27,9.17,1703.56,0.11,0.5,0.12,11,40.0,0
49,19,8,6,57,0.1,2.5,0.7,10,1.0,1,125.84,27.25,93428.15,0.04,1.0,0.05,32,39.13,0
77,49,9,20,56,0.13,2.04,0.96,15,0.58,4,243.12,22.99,128457.87,0.04,0.6,0.07,27,30.65,0
40,5,3,2,11,0.1,2.0,1.0,1,0.0,1,44.75,18.67,15592.09,0.05,0.33,0.04,20,31.71,1
31,7,7,1,29,0.09,2.0,1.0,1,0.0,0,84.37,19.2,31093.83,0.05,0.25,0.04,19,41.1,0
34,3,4,11,31,0.04,2.0,1.0,1,0.0,5,37.89,24.18,22153.96,0.04,0.5,0.02,19,53.85,0
14,7,2,11,5,0.13,2.0,0.75,1,0.0,5,49.79,9.48,4476.07,0.11,0.25,0.08,16,43.24,0
5,7,1,1,1,0.24,2.0,0.5,1,0.0,1,24.97,20.38,10375.62,0.05,0.25,0.17,21,11.11,0
4,5,2,0,7,0.21,2.0,1.0,1,0.0,1,16.78,11.2,2105.41,0.09,0.33,0.12,14,33.33,0
39,37,6,6,51,0.2,2.2,0.47,9,0.44,1,66.11,50.27,167072.98,0.02,0.47,0.1,34,39.31,0
18,6,6,7,6,0.11,2.0,0.75,1,0.0,3,49.27,18.53,16907.83,0.05,0.25,0.07,26,30.95,0
49,41,14,16,37,0.28,2.05,0.71,5,0.2,3,78.4,74.77,438244.07,0.01,0.24,0.13,45,46.9,0
31,19,5,12,25,0.16,2.13,0.6,3,0.22,2,47.49,47.96,109246.59,0.02,0.3,0.08,37,41.57,0
84,37,10,44,76,0.13,2.06,0.42,9,0.44,9,75.03,66.0,326814.89,0.02,0.47,0.06,50,54.3,0
17,15,3,28,6,0.14,2.0,0.75,1,0.0,0,78.29,48.05,180758.79,0.02,0.13,0.1,31,53.97,0
16,11,5,3,8,0.24,2.25,0.67,5,0.8,0,37.5,29.45,32535.15,0.03,0.83,0.12,27,33.33,0
5,8,3,7,3,0.17,2.0,1.0,1,0.0,1,29.49,24.0,16987.59,0.04,0.17,0.13,20,25.64,0
1,7,1,1,0,0.25,4.0,0.5,4,1.0,1,22.03,12.0,3172.85,0.08,1.0,0.22,16,6.25,0
7,3,3,2,7,0.13,2.0,0.5,1,0.0,2,25.23,9.5,2277.36,0.11,0.5,0.06,13,39.13,0
17,20,3,5,0,0.22,2.33,0.2,4,0.21,3,45.89,35.45,57670.7,0.03,0.27,0.17,35,7.35,0
3,3,0,2,1,0.18,2.0,0.5,1,0.0,2,24.7,7.22,1288.28,0.14,0.5,0.13,13,25.0,0
3,3,0,2,0,0.18,2.0,0.5,1,0.0,2,24.08,7.22,1256.07,0.14,0.5,0.13,13,18.18,0
6,7,3,1,1,0.22,4.0,0.5,1,0.0,1,25.0,13.6,4624.0,0.07,0.25,0.15,17,10.53,0
25,9,8,7,0,0.15,2.0,1.0,1,0.0,0,50.43,10.62,5682.29,0.09,0.2,0.08,12,20.59,0
13,17,5,2,0,0.14,2.0,1.0,1,0.0,0,183.65,7.02,9044.12,0.14,0.11,0.12,8,3.13,0
7,3,3,0,9,0.17,2.0,1.0,1,0.0,1,22.78,2.33,124.02,0.43,0.5,0.07,4,42.86,0
2,7,1,0,0,0.17,2.0,0.5,1,0.0,2,20.18,16.36,5403.6,0.06,0.25,0.15,12,0.0,0
5,5,2,4,0,0.18,2.0,1.0,1,0.0,0,25.58,13.2,4456.28,0.08,0.33,0.13,12,23.53,0
22,5,0,3,13,0.09,2.0,0.33,1,0.0,1,58.73,53.2,166215.79,0.02,0.33,0.04,16,33.33,0
1,3,4,0,0,0.2,2.0,1.0,1,0.0,0,22.35,7.27,1181.93,0.14,0.5,0.17,10,0.0,0
9,5,2,4,3,0.14,2.0,1.0,1,0.0,0,29.6,24.29,17460.6,0.04,0.33,0.09,17,29.17,0
1,3,0,0,0,0.29,2.0,0.5,1,0.0,1,8.79,12.0,1265.83,0.08,0.5,0.22,10,0.0,0
1,5,0,0,0,0.33,2.0,0.33,1,0.0,1,12.09,14.14,2417.96,0.07,0.33,0.27,11,0.0,0
1,5,0,0,0,0.27,2.0,0.33,1,0.0,2,14.67,14.67,3156.61,0.07,0.33,0.23,12,0.0,0
1,3,0,0,0,0.29,2.0,0.5,1,0.0,1,8.79,12.0,1265.83,0.08,0.5,0.22,10,0.0,0
1,5,0,0,0,0.33,2.0,0.33,1,0.0,1,12.09,14.14,2417.96,0.07,0.33,0.27,11,0.0,0
1,5,0,0,0,0.27,2.0,0.33,1,0.0,2,14.67,14.67,3156.61,0.07,0.33,0.23,12,0.0,0
1,3,0,0,0,0.29,2.0,0.5,1,0.0,1,8.79,12.0,1265.83,0.08,0.5,0.22,10,0.0,0
1,5,0,0,0,0.33,2.0,0.33,1,0.0,1,12.09,14.14,2417.96,0.07,0.33,0.27,11,0.0,0
1,5,0,0,0,0.27,2.0,0.33,1,0.0,2,14.67,14.67,3156.61,0.07,0.33,0.23,12,0.0,0
40,11,4,25,13,0.08,2.0,0.67,5,0.8,1,71.01,24.77,43561.75,0.04,0.83,0.04,25,44.19,0
2,3,2,0,2,0.29,2.0,1.0,1,0.0,0,16.52,6.19,632.28,0.16,0.5,0.17,9,22.22,0
2,3,2,0,2,0.29,2.0,1.0,1,0.0,0,16.52,6.19,632.28,0.16,0.5,0.17,9,22.22,0
2,3,2,0,2,0.29,2.0,1.0,1,0.0,0,16.52,6.19,632.28,0.16,0.5,0.17,9,22.22,0
2,3,2,0,2,0.29,2.0,1.0,1,0.0,0,16.52,6.19,632.28,0.16,0.5,0.17,9,22.22,0
2,3,2,0,2,0.29,2.0,1.0,1,0.0,0,16.52,6.19,632.28,0.16,0.5,0.17,9,22.22,0
2,3,2,0,2,0.29,2.0,1.0,1,0.0,0,16.52,6.19,632.28,0.16,0.5,0.17,9,22.22,0
2,3,2,0,2,0.29,2.0,1.0,1,0.0,0,16.52,6.19,632.28,0.16,0.5,0.17,9,22.22,0
8,7,0,2,14,0.24,2.5,0.25,3,0.67,0,17.03,14.68,3670.2,0.07,0.75,0.17,17,51.61,0
2,3,0,0,8,0.22,2.0,0.5,1,0.0,0,11.86,4.38,227.03,0.23,0.5,0.22,7,47.06,0
4,3,0,0,10,0.25,2.0,0.5,1,0.0,0,11.07,4.38,211.89,0.23,0.5,0.18,7,55.56,0
3,3,0,0,5,0.25,2.0,0.5,1,0.0,0,17.16,6.19,657.1,0.16,0.5,0.12,11,38.46,0
4,3,0,0,10,0.25,2.0,0.5,1,0.0,0,11.07,4.38,211.89,0.23,0.5,0.18,7,55.56,0
3,3,2,0,2,0.22,2.0,1.0,1,0.0,0,19.71,5.5,596.3,0.18,0.5,0.13,9,18.18,0
13,5,3,4,19,0.18,2.0,0.67,1,0.0,0,22.53,13.93,4371.1,0.07,0.33,0.06,13,63.89,0
9,17,4,0,0,0.38,2.0,0.89,1,0.0,0,30.54,11.65,4143.37,0.09,0.11,0.26,11,0.0,0
16,7,3,0,15,0.16,2.0,0.75,1,0.0,0,21.39,22.46,10795.37,0.04,0.25,0.07,17,37.5,0
82,43,12,6,100,0.13,2.06,0.74,15,0.64,5,140.31,37.2,194194.61,0.03,0.65,0.06,38,37.59,0
22,7,4,9,31,0.1,2.0,0.75,1,0.0,6,45.51,16.36,12184.85,0.06,0.25,0.04,20,55.56,0
9,3,5,0,12,0.11,2.0,1.0,1,0.0,1,35.45,10.29,3750.81,0.1,0.5,0.05,16,40.0,0
12,5,1,3,4,0.18,2.0,0.67,3,1.0,0,15.83,13.82,3022.38,0.07,1.0,0.09,16,33.33,0
14,7,4,4,21,0.12,2.5,0.75,3,0.67,2,39.73,19.35,14882.34,0.05,0.75,0.04,24,46.3,0
38,35,4,5,70,0.17,2.42,0.39,13,0.71,2,58.36,41.38,99929.77,0.02,0.72,0.08,32,41.9,0
39,23,10,4,58,0.17,2.22,0.58,5,0.36,5,52.05,21.71,24543.69,0.05,0.42,0.07,24,47.69,0
19,7,3,4,16,0.16,2.0,1.0,1,0.0,0,31.79,17.86,10140.57,0.06,0.25,0.05,19,48.78,0
25,15,7,6,39,0.1,2.0,0.88,1,0.0,6,90.85,21.94,43721.41,0.05,0.13,0.06,26,38.79,1
27,3,2,1,19,0.09,2.0,1.0,1,0.0,1,37.27,15.43,8872.37,0.06,0.5,0.03,12,47.62,1
1,3,1,0,0,0.2,2.0,1.0,1,0.0,0,10.75,7.0,526.99,0.14,0.5,0.17,8,0.0,0
34,17,9,5,26,0.13,2.14,0.78,4,0.38,5,76.03,28.98,63864.99,0.03,0.44,0.07,26,31.96,0
9,9,1,0,17,0.23,3.0,0.6,5,1.0,2,35.13,12.55,5531.32,0.08,1.0,0.1,17,43.59,1
32,13,13,16,23,0.09,2.0,1.0,1,0.0,9,104.75,22.14,51324.87,0.05,0.14,0.05,26,39.8,1
13,5,2,9,7,0.11,2.0,1.0,1,0.0,0,37.6,9.75,3574.45,0.1,0.33,0.06,13,45.71,0
3,3,2,0,0,0.11,2.0,0.5,1,0.0,2,24.71,10.58,2764.2,0.09,0.5,0.09,11,0.0,0
6,3,1,1,6,0.18,2.0,0.5,1,0.0,1,16.21,5.4,472.87,0.19,0.5,0.08,9,41.18,0
3,3,0,0,0,0.13,2.0,0.5,1,0.0,2,18.54,9.63,1717.22,0.1,0.5,0.11,11,0.0,0
30,32,19,4,62,0.26,4.0,0.79,9,0.35,3,54.69,47.6,123914.45,0.02,0.38,0.13,34,42.58,1
6,3,3,4,15,0.14,2.0,1.0,1,0.0,3,16.21,10.56,1809.36,0.09,0.5,0.06,13,65.51,0
13,7,3,3,24,0.11,2.0,1.0,1,0.0,1,34.91,18.57,12037.08,0.05,0.25,0.05,19,45.76,1
31,21,5,7,28,0.14,2.43,0.82,11,1.0,1,61.92,36.74,83581.43,0.03,1.0,0.08,32,32.11,1
12,11,5,1,16,0.13,2.0,1.0,1,0.0,3,46.89,18.91,16764.79,0.05,0.17,0.08,24,27.87,0
0,3,0,0,0,0.13,2.0,0.5,1,0.0,2,42.88,6.87,2026.77,0.15,0.5,0.13,11,0.0,0
51,35,10,9,73,0.16,2.21,0.56,9,0.47,1,51.85,64.92,218524.86,0.02,0.5,0.07,37,43.39,1
2,3,1,2,0,0.14,2.0,1.0,1,0.0,2,20.76,2.5,129.72,0.4,0.5,0.12,5,14.29,0
4,5,1,4,0,0.14,2.0,1.0,1,0.0,2,34.27,2.78,264.4,0.36,0.33,0.12,5,19.05,0
0,7,0,0,0,0.24,2.0,0.25,3,0.67,2,10.6,10.13,1086.54,0.1,0.75,0.22,9,0.0,0
3,11,0,0,0,0.4,2.67,0.17,4,0.6,2,7.45,30.8,7065.15,0.03,0.67,0.32,14,0.0,0
3,3,0,0,0,0.14,2.0,0.5,1,0.0,2,11.85,9.0,959.45,0.11,0.5,0.11,9,0.0,0
2,3,0,0,0,0.2,2.0,0.5,1,0.0,1,6.92,8.0,442.81,0.13,0.5,0.15,8,0.0,0
25,25,6,6,15,0.17,2.33,0.69,7,0.5,1,80.81,26.6,57176.91,0.04,0.54,0.11,22,23.08,0
5,7,3,3,2,0.15,2.0,1.0,1,0.0,2,26.32,16.0,6737.71,0.06,0.25,0.11,16,17.24,0
15,5,1,7,9,0.16,2.0,0.67,1,0.0,1,28.99,18.12,9514.39,0.06,0.33,0.07,14,57.14,0
6,3,0,2,2,0.18,2.0,0.5,1,0.0,1,13.77,13.5,2508.88,0.07,0.5,0.1,12,30.77,0
5,3,0,2,2,0.18,2.0,0.5,1,0.0,2,13.64,17.06,3972.03,0.06,0.5,0.11,13,30.77,0
10,13,0,15,2,0.3,2.2,0.14,1,0.0,4,21.3,16.32,5681.26,0.06,0.14,0.19,14,68.0,0
14,5,4,1,9,0.15,2.0,1.0,1,0.0,1,35.6,10.11,3640.0,0.1,0.33,0.07,14,34.48,0
35,31,9,28,17,0.15,2.36,0.69,10,0.6,5,108.35,33.87,124313.16,0.03,0.63,0.1,32,37.19,0
6,5,1,7,2,0.2,2.0,0.67,1,0.0,0,17.71,10.67,2014.61,0.09,0.33,0.13,12,52.94,0
17,9,4,8,19,0.14,2.0,0.8,1,0.0,0,42.9,20.7,18381.79,0.05,0.2,0.07,23,50.0,0
16,5,1,10,7,0.1,2.0,0.67,1,0.0,1,37.71,30.2,34384.39,0.03,0.33,0.06,19,45.95,0
11,11,1,14,5,0.15,2.0,0.33,1,0.0,1,48.56,33.51,54539.1,0.03,0.17,0.1,20,41.3,0
81,162,8,80,165,0.19,2.1,0.66,27,0.27,3,131.72,126.56,2109679.46,0.01,0.28,0.13,72,36.68,0
20,7,2,2,2,0.33,2.0,0.75,1,0.0,1,19.23,5.69,622.17,0.18,0.25,0.11,7,28.57,0
115,31,3,35,12,0.19,2.0,0.19,10,0.6,1,83.81,31.06,80843.05,0.03,0.63,0.08,24,48.96,0
156,63,5,53,27,0.23,2.15,0.31,12,0.35,1,78.34,51.47,207526.23,0.02,0.38,0.1,32,48.48,0
48,57,11,61,32,0.13,2.12,0.76,27,0.93,3,204.29,41.72,355647.88,0.02,0.93,0.09,31,36.05,0
17,21,5,6,8,0.16,2.11,0.91,7,0.6,3,87.92,17.2,26010.73,0.06,0.64,0.12,18,18.67,0
74,23,10,30,18,0.13,2.1,0.83,3,0.18,3,85.71,38.23,125251.55,0.03,0.25,0.06,29,43.24,0
33,5,4,8,4,0.13,2.0,1.0,1,0.0,3,28.18,15.16,6475.08,0.07,0.33,0.05,18,42.86,0
4,7,1,3,0,0.18,2.0,1.0,1,0.0,2,40.01,18.29,13377.17,0.05,0.25,0.15,16,13.64,0
4,11,1,3,0,0.21,2.0,1.0,1,0.0,2,42.36,23.73,23858.84,0.04,0.17,0.18,16,10.71,0
1,9,1,1,0,0.14,2.0,1.0,1,0.0,1,110.24,10.11,11259.34,0.1,0.2,0.13,10,2.78,0
5,9,1,2,0,0.19,2.0,0.8,1,0.0,1,27.4,20.16,11135.5,0.05,0.2,0.15,21,7.41,0
2,9,2,1,0,0.16,2.0,1.0,1,0.0,1,78.0,13.61,14437.64,0.07,0.2,0.15,11,3.23,0
1,3,1,1,0,0.11,2.0,1.0,1,0.0,1,54.5,9.27,4686.53,0.11,0.5,0.1,8,5.56,0
1,7,1,1,0,0.25,2.0,1.0,1,0.0,1,20.45,13.07,3491.27,0.08,0.25,0.22,14,6.25,0
1,16,1,1,0,0.26,2.0,1.0,1,0.0,1,35.91,21.53,16649.11,0.05,0.08,0.25,26,2.0,0
1,18,1,1,0,0.26,2.0,1.0,1,0.0,1,36.57,23.03,19394.56,0.04,0.07,0.25,27,1.89,0
4,13,2,1,0,0.16,2.0,1.0,1,0.0,1,160.8,10.16,16586.02,0.1,0.14,0.15,10,2.33,0
16,25,5,5,8,0.19,2.33,0.77,9,0.67,3,84.92,18.79,29993.03,0.05,0.69,0.14,19,17.33,0
40,25,10,30,19,0.14,2.09,0.77,3,0.17,3,83.84,41.66,145477.36,0.02,0.23,0.08,31,42.98,0
77,33,9,25,15,0.17,2.07,0.65,9,0.5,3,88.15,36.04,114516.56,0.03,0.53,0.08,31,34.78,0
4,3,1,4,0,0.14,2.0,0.5,1,0.0,0,23.58,12.5,3685.04,0.08,0.5,0.11,15,28.57,0
4,3,1,2,6,0.25,2.0,1.0,1,0.0,0,17.91,6.29,707.7,0.16,0.5,0.11,11,57.14,0
4,3,1,2,6,0.25,2.0,1.0,1,0.0,0,17.91,6.29,707.7,0.16,0.5,0.11,11,57.14,0
7,3,1,0,7,0.13,2.0,0.5,1,0.0,1,17.24,10.64,1950.69,0.09,0.5,0.07,13,31.82,0
3,3,1,2,5,0.18,2.0,0.5,1,0.0,1,17.13,10.0,1713.0,0.1,0.5,0.1,12,43.75,0
27,13,4,4,33,0.24,3.0,0.4,4,0.33,3,32.0,26.1,21802.25,0.04,0.4,0.1,29,49.33,0
6,11,0,2,2,0.38,2.67,0.17,5,0.8,2,15.76,17.6,4880.94,0.06,0.83,0.24,16,22.22,0
20,21,2,7,14,0.24,2.2,0.15,3,0.17,2,30.99,27.86,24047.21,0.04,0.23,0.15,26,30.88,0
4,3,0,0,1,0.18,2.0,0.5,1,0.0,2,20.51,6.11,765.94,0.16,0.5,0.12,11,8.33,0
5,3,0,0,2,0.18,2.0,0.5,1,0.0,2,19.8,6.11,739.53,0.16,0.5,0.11,11,15.38,0
3,3,1,1,2,0.17,2.0,0.5,1,0.0,1,14.83,9.63,1373.5,0.1,0.5,0.11,14,21.43,0
7,7,1,3,7,0.17,2.0,1.0,4,1.0,1,46.9,10.5,5170.32,0.1,1.0,0.1,15,32.25,0
12,5,3,2,22,0.14,2.0,0.33,1,0.0,2,45.57,9.64,4237.49,0.1,0.33,0.05,15,55.81,1
7,7,1,1,5,0.17,2.0,1.0,4,1.0,1,46.9,10.5,5170.32,0.1,1.0,0.11,15,20.69,0
14,5,1,3,34,0.14,2.0,1.0,1,0.0,2,31.39,9.47,2815.15,0.11,0.33,0.04,14,67.27,1
10,5,2,3,11,0.12,2.0,1.0,1,0.0,2,39.66,11.08,4871.43,0.09,0.33,0.06,19,38.89,1
8,5,2,2,19,0.14,2.0,1.0,1,0.0,1,31.51,10.5,3474.19,0.1,0.33,0.06,18,51.22,1
0,5,2,2,0,0.2,2.0,1.0,1,0.0,2,22.4,7.33,1204.38,0.14,0.33,0.19,11,13.33,1
0,5,2,0,0,0.23,2.0,1.0,1,0.0,1,33.1,7.26,1746.71,0.14,0.33,0.21,13,0.0,0
0,5,2,0,0,0.14,2.0,1.0,1,0.0,1,34.57,10.93,4129.37,0.09,0.33,0.14,17,0.0,0
10,15,6,2,31,0.17,2.17,0.88,4,0.43,1,74.36,13.06,12685.78,0.08,0.5,0.09,20,42.86,1
4,35,5,4,18,0.19,2.13,0.89,7,0.35,2,195.05,21.41,89412.4,0.05,0.39,0.15,22,19.47,1
0,5,2,0,0,0.14,2.0,1.0,1,0.0,1,36.48,10.43,3969.82,0.1,0.33,0.14,17,0.0,0
0,7,3,0,0,0.18,2.5,0.75,4,1.0,1,41.71,12.75,6780.12,0.08,1.0,0.17,17,0.0,0
2,15,2,1,9,0.19,2.4,0.75,6,0.71,4,75.22,14.8,16481.41,0.07,0.75,0.15,19,19.61,0
2,5,2,2,13,0.06,2.0,1.0,1,0.0,1,55.85,28.0,43785.9,0.04,0.33,0.05,23,24.19,1
5,7,1,0,0,0.18,2.5,0.5,3,0.67,0,21.05,14.77,4591.91,0.07,0.75,0.14,16,0.0,0
4,7,2,1,7,0.16,2.5,0.75,3,0.67,1,30.72,19.13,11241.58,0.05,0.75,0.11,22,25.0,1
35,21,9,9,59,0.12,2.25,0.91,3,0.2,3,70.59,44.71,141084.24,0.02,0.27,0.06,32,45.33,1
4,3,2,1,12,0.18,2.0,0.5,1,0.0,1,23.14,6.5,977.69,0.15,0.5,0.07,13,56.52,1
0,11,3,2,7,0.2,2.25,0.83,5,0.8,1,33.22,15.91,8407.11,0.06,0.83,0.16,20,24.32,1
14,9,2,5,1,0.15,2.0,1.0,4,0.75,2,18.72,21.54,8684.58,0.05,0.8,0.1,16,17.65,0
5,3,1,0,0,0.2,2.0,1.0,1,0.0,1,10.42,6.75,474.58,0.15,0.5,0.13,9,0.0,0
12,19,2,0,0,0.2,2.0,0.9,10,1.0,2,65.44,11.21,8218.63,0.09,1.0,0.16,13,0.0,0
8,19,6,1,0,0.33,2.29,0.8,10,1.0,2,31.33,20.43,13084.38,0.05,1.0,0.26,20,3.33,0
12,19,2,0,0,0.2,2.0,0.9,10,1.0,2,74.62,10.16,7697.18,0.1,1.0,0.16,13,0.0,0
7,5,1,2,0,0.13,2.0,0.67,1,0.0,2,55.95,7.24,2931.85,0.14,0.33,0.09,9,8.33,0
5,11,3,2,3,0.3,2.25,0.83,4,0.6,1,26.39,12.07,3845.69,0.08,0.67,0.21,13,21.74,0
3,5,1,0,0,0.25,2.0,0.67,1,0.0,2,15.22,12.0,2191.93,0.08,0.33,0.19,12,0.0,0
17,21,4,1,8,0.26,2.25,0.45,7,0.6,5,42.16,35.93,54431.16,0.03,0.64,0.16,33,18.0,0
16,13,6,0,5,0.12,2.0,0.86,1,0.0,4,95.6,31.4,94278.09,0.03,0.14,0.09,26,7.81,0
11,9,6,0,4,0.12,2.0,1.0,1,0.0,1,66.6,18.54,22884.16,0.05,0.2,0.09,19,8.7,0
1,3,0,0,0,0.22,2.0,0.5,1,0.0,2,14.83,3.5,181.62,0.29,0.5,0.18,7,0.0,0
10,13,6,1,16,0.18,2.0,0.71,1,0.0,5,29.5,36.25,38771.24,0.03,0.14,0.1,29,30.36,0
